"phenotype","snp1","snp2","snp3","snp4","snp5","snp6","snp7","snp8","snp9","snp10","snp11","snp12","snp13","snp14","snp15","snp16","snp17","snp18","snp19","snp20","snp21","snp22","snp23","snp24","snp25","snp26","snp27","snp28","snp29","snp30","snp31","snp32","snp33","snp34","snp35","snp36","snp37","snp38","snp39","snp40","snp41","snp42","snp43","snp44","snp45","snp46","snp47","snp48","snp49","snp50","snp51","snp52","snp53","snp54","snp55","snp56","snp57","snp58","snp59","snp60","snp61","snp62","snp63","snp64","snp65","snp66","snp67","snp68","snp69","snp70","snp71","snp72","snp73","snp74","snp75","snp76","snp77","snp78","snp79","snp80","snp81","snp82","snp83","snp84","snp85","snp86","snp87","snp88","snp89","snp90","snp91","snp92","snp93","snp94","snp95","snp96","snp97","snp98","snp99","snp100"
25.2400886578081,0,2,2,2,2,0,0,2,2,2,0,2,0,0,2,0,0,0,0,2,1,0,2,0,2,2,2,0,2,0,0,0,2,0,0,1,0,0,2,2,2,2,1,1,2,0,2,2,2,1,2,1,1,2,2,2,1,2,2,1,1,1,1,1,1,0,2,2,2,0,0,0,0,2,0,0,2,0,2,2,2,0,0,2,2,1,0,2,0,0,2,1,1,1,2,0,0,2,2,0
21.1235296900501,1,2,2,2,2,0,0,2,2,0,1,1,0,1,2,0,0,1,0,2,2,0,1,0,2,2,2,0,2,1,0,0,2,0,0,1,0,2,2,2,2,2,2,2,2,0,2,2,1,2,2,2,0,2,0,2,2,2,0,2,0,1,1,1,1,0,2,2,2,0,0,0,0,2,0,0,2,0,2,2,2,0,0,2,2,1,0,2,0,1,1,2,1,2,1,0,1,1,1,1
34.3902210752109,2,1,2,2,2,0,0,1,2,0,0,2,0,1,2,0,0,0,1,2,1,0,2,0,2,2,2,0,1,0,0,0,2,0,0,0,0,0,2,2,2,2,2,2,2,0,2,2,2,2,2,0,2,2,2,2,0,2,2,0,0,0,2,1,1,0,1,1,1,1,1,1,0,1,0,0,2,0,2,1,2,1,0,2,2,0,1,2,0,1,1,2,1,2,1,0,1,1,1,1
42.4916435306446,2,1,1,2,2,0,0,2,2,0,0,2,0,0,2,0,0,0,0,2,2,0,2,0,2,2,2,1,1,0,0,0,2,0,0,1,0,0,2,2,2,2,1,1,2,0,1,2,1,1,2,1,1,2,2,1,2,2,2,1,1,1,2,1,0,1,2,2,2,0,0,0,0,2,0,1,2,1,1,2,2,0,0,2,2,2,0,1,0,1,2,2,2,2,0,0,1,1,1,1
31.5422841560036,1,1,2,2,2,0,0,2,2,0,0,2,0,1,2,0,0,0,1,1,2,0,0,0,2,2,2,0,2,0,0,0,2,0,0,0,0,1,2,2,2,2,2,2,2,0,2,2,1,2,2,0,2,2,2,1,1,2,2,0,0,0,2,2,1,1,2,2,2,0,0,0,0,2,0,2,2,0,2,2,2,0,0,2,2,1,0,2,0,2,1,2,2,2,0,0,2,0,0,2
30.9048430053723,1,2,1,2,2,0,0,2,2,1,0,2,0,0,2,0,1,0,0,2,2,0,2,0,2,2,2,1,2,0,0,0,2,0,0,1,0,0,2,2,2,2,1,1,2,0,2,2,2,1,2,0,2,2,2,2,1,2,2,0,0,0,2,2,1,0,2,2,1,0,0,0,0,2,0,0,2,0,2,2,2,0,0,2,2,1,2,2,0,1,2,2,1,2,0,0,2,0,1,0
37.8612526634045,2,1,2,2,2,0,0,2,2,0,0,2,0,0,2,0,0,0,0,1,2,1,1,0,2,2,2,0,2,0,0,0,2,0,1,1,0,0,1,2,2,2,1,1,2,0,2,2,1,1,2,0,2,2,2,2,1,1,2,0,0,0,1,2,0,1,2,2,1,0,1,0,0,1,0,0,2,0,2,2,2,0,0,2,2,0,1,1,0,1,1,1,2,2,0,0,2,0,0,2
41.8978087198361,2,2,2,2,2,0,0,2,2,1,0,2,0,0,2,0,0,0,0,2,2,1,2,0,2,2,2,0,2,0,0,0,2,0,0,1,0,0,2,2,2,2,1,1,2,0,2,2,2,1,2,0,2,2,2,2,0,2,2,0,0,0,2,2,0,1,2,2,2,0,0,0,0,2,0,1,2,0,1,2,1,0,0,2,2,2,1,2,0,2,1,2,2,2,0,0,2,0,0,2
41.7244356834257,1,2,2,2,2,0,0,2,2,0,0,2,0,0,2,0,0,0,0,2,2,0,2,0,2,2,2,0,2,0,0,0,2,0,1,1,0,0,2,2,2,2,1,1,2,0,1,2,1,1,1,1,1,2,2,1,1,2,2,1,1,1,1,2,0,0,1,2,1,0,1,0,0,2,0,0,2,0,2,2,1,0,0,2,2,2,2,2,0,1,1,2,2,2,0,0,2,0,1,1
31.6682401979962,2,2,1,2,2,0,0,2,2,0,0,2,0,0,2,0,0,0,0,2,1,0,2,0,2,2,2,0,2,0,0,0,2,0,0,0,0,0,2,2,2,2,2,1,2,0,2,2,2,2,2,1,1,2,2,1,1,2,2,1,0,1,2,2,0,2,2,2,2,0,0,0,0,2,0,2,2,0,2,2,2,0,0,2,2,0,1,0,0,0,2,0,2,1,2,0,0,2,2,0
39.8904444500178,2,2,2,2,2,0,0,2,2,0,0,2,0,0,2,0,0,0,0,1,2,0,1,0,2,2,2,0,2,0,0,0,2,1,1,1,0,0,2,2,2,2,1,1,2,0,2,2,1,1,2,2,0,2,1,2,2,2,1,2,1,2,1,0,2,0,2,2,2,0,0,0,0,2,0,0,2,0,2,2,1,0,0,2,2,2,1,2,0,2,0,2,2,2,0,1,2,0,0,2
31.0003599618311,1,2,1,2,2,0,0,2,2,0,1,1,0,1,1,0,1,0,0,2,2,0,1,0,2,2,1,0,1,0,0,0,2,0,0,0,0,0,2,2,1,2,2,2,2,0,2,2,2,2,2,0,2,2,2,2,2,1,2,0,0,0,1,1,0,1,2,2,2,0,0,0,0,2,0,1,2,0,2,2,2,0,0,2,2,1,0,2,0,2,0,2,2,2,0,1,2,0,0,2
31.0226757035477,1,2,1,2,2,0,0,2,2,0,0,2,0,0,2,1,1,0,0,2,2,1,2,0,2,2,2,0,2,0,0,0,2,0,0,0,0,0,2,2,2,2,2,2,1,0,2,2,2,2,2,1,1,2,2,1,0,2,2,0,0,0,2,2,0,0,2,2,2,0,0,0,0,2,0,0,2,0,2,2,2,0,0,2,2,1,0,2,0,1,1,2,2,2,0,0,2,0,0,2
21.8794017334758,2,1,2,1,2,0,0,2,1,0,0,2,0,1,2,0,0,0,0,2,1,0,1,0,2,2,2,0,1,1,0,0,2,0,0,1,0,1,2,2,2,2,2,2,2,0,2,2,2,2,2,1,1,2,1,2,1,2,1,1,0,1,2,2,0,1,2,2,2,0,0,0,0,2,0,1,2,0,2,2,2,0,0,2,2,0,1,2,0,2,0,2,2,2,0,0,2,0,0,2
16.4538568660701,1,2,1,1,2,0,0,2,2,0,1,1,0,1,2,0,0,1,1,2,1,1,2,0,2,2,2,0,2,0,0,0,2,0,0,0,0,0,2,2,2,2,2,2,1,0,2,2,2,2,2,1,1,2,1,2,1,2,1,1,0,1,2,1,1,0,1,2,1,0,1,1,0,1,0,0,2,0,2,1,2,0,0,2,2,0,1,2,0,2,0,2,2,2,0,0,2,0,0,2
31.9905186342234,1,2,2,2,2,0,1,2,2,0,0,2,1,0,2,0,0,0,0,2,2,0,1,0,2,2,2,0,2,0,0,0,2,0,0,0,0,2,2,2,2,2,2,2,2,0,2,2,2,2,2,0,2,2,2,2,1,2,2,0,0,0,2,2,0,1,2,2,2,0,0,0,0,2,0,1,2,0,2,2,2,0,0,2,2,1,2,1,0,1,1,1,2,2,1,0,1,1,1,1
20.6051340338671,0,2,1,2,2,0,0,2,2,0,2,0,0,0,2,0,1,0,0,2,2,0,2,0,2,2,2,0,2,0,0,0,2,0,0,0,0,0,2,2,2,2,2,2,2,0,2,2,2,2,2,1,1,2,1,2,1,2,1,1,0,1,2,2,0,1,2,2,2,0,0,0,0,2,0,1,2,0,2,2,2,0,0,2,2,1,2,2,0,1,1,1,2,1,1,0,1,1,1,1
37.5112762495108,1,2,1,2,2,0,0,2,2,0,1,1,0,0,2,1,0,0,0,2,1,0,1,0,2,1,2,0,2,0,0,0,2,0,0,0,0,0,2,2,2,2,2,2,2,0,2,1,2,2,2,0,2,2,2,2,1,2,2,0,0,0,2,1,0,0,2,2,2,0,0,0,0,2,0,0,2,1,2,2,2,0,0,2,2,2,0,2,0,1,1,2,1,2,1,0,1,1,1,1
46.4272625260695,2,1,1,2,2,0,0,2,1,0,0,2,0,0,2,0,0,0,0,2,2,0,2,0,2,2,2,0,2,0,0,0,2,0,1,0,0,0,1,2,2,2,2,2,2,0,2,2,2,2,2,0,2,2,2,2,0,2,2,0,0,0,2,1,0,0,2,2,2,0,0,0,0,2,0,0,2,1,2,2,2,0,0,2,2,2,0,2,0,1,1,2,1,2,1,1,1,1,1,1
36.194281019835,1,2,2,2,2,0,0,2,2,0,1,1,0,0,2,0,0,0,0,2,1,1,2,0,2,2,2,0,2,0,0,0,2,0,1,1,0,0,1,2,2,2,1,1,2,0,2,2,2,1,2,0,2,2,2,2,2,1,2,0,0,0,1,1,1,1,1,1,0,1,2,0,0,0,0,0,2,0,2,2,2,0,0,2,2,0,2,0,0,0,2,0,2,1,1,0,1,1,1,1
21.3165624553408,0,2,2,2,2,0,1,2,2,0,0,2,0,0,2,0,0,0,0,2,2,0,1,0,2,2,2,0,1,0,0,0,2,0,0,0,0,0,2,2,2,2,1,1,1,0,2,2,2,2,2,0,2,2,2,2,1,2,2,0,0,0,1,2,0,1,2,2,2,0,0,0,0,2,0,1,2,0,2,2,2,0,0,2,2,0,0,2,0,2,0,2,2,2,0,0,2,0,0,2
30.8871290844815,1,2,2,2,2,0,0,2,2,0,0,2,0,0,2,0,1,0,0,2,2,0,1,0,2,2,2,0,2,0,0,0,2,0,0,0,0,0,2,2,2,2,2,2,2,0,2,2,2,2,2,0,2,2,2,2,1,2,2,0,0,0,2,1,0,1,2,2,2,0,0,0,0,2,0,1,2,0,2,2,2,0,1,2,2,1,0,1,0,1,1,1,2,2,1,0,1,1,1,1
36.6612303989267,2,1,2,2,2,0,0,2,1,0,0,2,0,0,2,0,0,0,0,1,2,0,1,0,2,2,2,1,2,0,0,0,2,0,0,0,0,0,2,2,2,2,2,2,2,0,2,2,1,2,2,0,2,2,2,2,0,2,2,0,0,0,2,2,0,1,2,2,2,0,0,0,0,2,0,1,2,0,1,2,2,0,0,2,2,1,0,2,0,1,2,2,2,2,0,0,2,0,0,2
25.3869012731132,0,2,2,2,2,0,0,2,2,0,0,2,0,0,2,0,1,0,0,1,1,0,2,0,2,2,2,0,1,0,0,0,2,0,0,0,0,0,2,2,2,2,2,2,2,0,2,2,0,2,2,2,0,2,2,0,2,2,2,2,1,2,2,2,0,2,2,2,2,0,0,0,0,2,1,2,2,0,1,2,2,0,0,2,2,1,0,2,0,1,2,2,1,2,1,0,1,1,1,1
40.5523770438974,2,2,1,2,2,0,0,2,2,0,0,2,0,0,2,1,0,0,0,1,1,0,2,0,2,2,2,0,2,0,0,0,2,0,1,0,0,0,1,2,2,2,2,2,2,0,2,2,2,2,2,0,2,2,2,2,0,2,2,0,0,0,2,2,0,1,2,2,2,0,0,0,0,2,0,1,2,0,2,2,2,0,0,2,2,1,0,2,0,2,0,2,2,2,0,1,2,0,0,2
24.9989586813158,1,2,1,1,2,0,0,2,2,0,0,2,0,0,2,1,0,0,0,2,2,0,2,0,2,2,2,0,2,0,0,0,2,0,0,0,0,0,1,2,2,2,1,2,2,0,2,1,1,2,2,1,1,2,1,2,2,2,1,1,0,1,2,1,1,0,1,1,1,1,1,1,0,1,0,0,2,0,2,2,2,1,0,2,2,1,1,1,0,0,2,2,1,1,2,0,0,2,2,0
32.0065070820882,1,2,1,2,2,0,0,2,2,0,1,1,0,0,2,0,1,0,0,2,2,0,2,0,2,2,2,0,2,0,0,0,2,0,0,1,0,0,2,2,2,2,1,1,2,0,2,2,2,1,2,1,1,2,2,1,2,2,2,1,0,1,1,2,0,2,2,2,2,0,0,0,0,2,0,1,2,0,2,2,2,0,0,2,2,1,0,1,0,0,2,1,2,2,2,0,0,2,2,0
35.4584936641283,2,0,1,2,2,0,0,2,1,0,0,2,1,0,2,0,0,0,0,2,1,0,1,0,2,2,2,0,1,1,0,0,2,0,0,0,0,1,2,2,2,2,2,2,2,0,1,2,2,2,2,0,2,2,2,2,0,2,2,0,0,0,2,2,0,1,2,2,2,0,0,0,0,2,0,1,2,0,1,2,2,0,0,2,2,1,0,2,0,2,1,2,2,2,0,1,2,0,0,2
31.6473852131432,2,1,2,2,2,0,0,2,1,0,0,2,0,0,2,0,0,0,0,2,2,1,2,0,2,2,2,0,1,0,0,0,2,0,0,1,0,0,2,2,2,2,1,1,2,0,2,2,1,1,2,1,1,2,2,2,2,2,2,1,0,1,0,2,0,1,2,2,2,0,0,0,0,2,1,2,2,0,2,2,2,0,0,2,2,0,0,2,0,1,1,2,1,2,1,0,1,1,1,1
35.0720878555751,2,1,0,2,2,0,0,2,2,0,0,2,0,0,2,0,1,1,0,1,2,0,1,0,2,2,2,0,2,1,0,0,2,0,0,0,1,0,1,2,2,2,2,2,2,1,2,1,1,2,1,2,0,2,1,2,2,2,1,2,1,2,2,1,1,0,1,1,1,1,1,1,0,1,0,0,2,0,2,2,2,1,0,2,2,1,2,1,0,1,1,2,2,1,1,0,1,1,1,1
40.5271657500733,2,1,2,2,2,0,0,2,1,0,1,1,0,1,2,0,1,0,0,1,2,0,2,0,2,2,1,0,1,0,0,0,2,1,1,0,0,0,2,2,2,2,2,2,2,0,1,2,2,2,2,0,2,2,2,2,1,2,2,0,0,0,2,1,0,0,2,2,2,0,0,0,0,2,0,0,2,1,2,2,2,0,0,2,2,1,0,2,0,2,0,2,2,2,0,0,2,0,0,1
32.7177030291777,2,2,2,2,2,0,0,2,2,0,0,2,0,0,2,0,0,0,0,1,2,0,1,0,2,2,2,0,2,0,0,0,2,0,0,0,0,0,2,2,2,2,2,2,2,0,2,2,1,2,2,1,1,2,1,1,2,2,1,1,0,1,2,1,2,0,1,1,1,0,1,1,0,1,0,0,2,0,2,1,2,0,0,2,2,1,1,2,0,1,1,2,2,2,0,0,2,0,0,2
36.4035217868048,1,2,1,2,2,0,0,2,2,1,0,2,0,0,2,0,1,0,0,2,1,0,2,0,2,2,2,0,2,0,0,0,2,0,0,1,0,0,2,2,2,2,1,1,2,0,1,2,2,2,1,1,1,2,2,2,1,2,2,1,0,1,2,2,0,0,2,2,2,0,0,0,0,2,0,0,2,0,2,2,2,0,0,2,2,2,1,2,0,1,1,2,1,2,1,0,1,1,1,1
26.8071828977071,2,1,2,2,2,0,0,2,2,0,0,2,0,0,2,0,0,0,0,2,1,0,1,1,2,2,2,0,2,0,0,0,2,0,0,0,0,0,2,2,2,2,2,2,2,0,2,2,2,2,2,2,0,2,1,1,2,2,1,2,1,2,2,1,1,0,1,1,1,0,1,0,0,1,1,1,2,0,2,2,2,0,1,2,2,0,1,1,0,0,2,1,1,2,1,0,1,1,1,1
15.8357373867234,0,2,2,2,2,0,0,2,2,0,1,1,0,1,2,0,1,0,1,2,1,0,2,0,2,2,2,0,2,0,0,0,2,0,0,1,0,0,2,1,2,1,1,1,2,0,2,2,2,2,2,2,0,2,0,2,2,2,1,2,0,2,2,1,1,0,1,2,1,1,1,1,0,1,0,0,2,0,2,1,2,1,0,2,2,0,1,1,1,1,1,1,2,1,1,0,1,1,1,1
35.2211376970148,2,2,2,2,2,0,0,2,2,0,0,2,0,0,2,0,1,0,0,2,1,0,1,0,2,2,2,0,2,0,0,0,2,0,0,1,0,0,2,2,2,2,1,1,1,0,2,2,1,1,2,1,1,2,2,2,2,1,2,1,0,1,0,1,0,0,2,2,2,0,0,0,0,2,0,1,2,1,2,2,2,0,0,2,2,1,0,1,0,1,1,2,2,2,0,0,1,1,1,1
36.6048888429912,1,2,2,2,2,0,0,2,2,0,0,2,0,0,2,0,1,0,0,2,1,0,2,0,2,2,2,0,2,0,0,0,2,0,0,0,0,1,2,2,2,2,2,2,2,0,1,2,2,2,2,0,2,2,2,2,1,2,2,0,0,0,2,2,0,0,2,2,2,0,0,0,0,2,0,0,2,0,2,2,2,0,0,2,2,2,2,1,0,1,2,1,2,2,1,0,1,2,2,1
34.8165030997747,2,2,2,2,2,0,0,2,2,0,0,2,0,0,2,0,0,0,0,2,2,1,2,0,2,2,2,0,2,0,0,0,2,0,0,1,0,0,2,2,2,2,1,1,2,0,2,2,2,1,2,0,2,2,2,2,0,2,2,0,0,0,2,2,0,1,2,2,2,0,0,0,0,2,0,1,2,0,2,2,1,0,0,2,2,1,2,1,0,1,1,1,2,1,1,0,1,1,1,1
30.1625278244888,0,2,1,2,2,0,1,2,2,0,0,2,0,0,2,0,0,0,0,2,2,0,1,0,2,2,2,0,2,0,0,0,2,0,1,1,0,0,1,2,2,2,1,1,2,0,2,2,2,1,2,1,1,2,2,2,0,2,2,1,0,1,2,2,0,1,1,2,1,0,1,0,0,2,0,1,2,0,2,2,2,0,0,2,2,1,2,1,0,1,2,1,2,1,1,0,1,2,1,1
35.9348738766626,1,2,2,2,2,0,0,2,2,0,0,2,0,0,2,0,0,0,0,1,1,1,1,0,2,2,2,0,2,0,0,0,2,0,1,0,0,0,1,2,2,2,2,2,2,0,2,2,2,2,2,0,2,2,2,2,1,2,2,0,0,0,2,1,0,1,2,2,2,0,0,0,0,2,0,1,2,1,2,2,2,0,0,2,2,1,0,2,0,2,0,2,2,2,0,0,2,0,0,2
40.5894274082922,2,1,2,2,2,0,0,2,2,0,0,2,0,0,2,0,0,1,0,2,1,1,1,0,2,2,2,0,2,0,0,0,2,0,0,1,1,0,2,2,2,2,1,1,2,0,2,2,2,1,1,1,1,2,2,2,2,2,2,1,0,1,2,1,1,0,1,1,1,1,1,0,0,1,0,0,2,0,2,2,2,0,0,2,2,1,2,1,0,0,2,1,1,1,2,0,0,2,2,0
32.3494605019412,1,1,1,2,2,0,0,2,2,0,0,2,0,0,2,0,0,0,0,2,2,1,2,0,2,2,2,0,2,0,0,0,2,0,0,1,0,0,2,2,2,2,1,1,2,0,2,2,2,1,2,1,1,2,2,2,1,2,2,1,1,1,1,1,1,1,2,2,2,0,0,0,0,2,0,1,2,0,2,2,2,0,0,2,2,1,0,2,0,1,1,2,1,2,1,0,1,1,1,1
46.430253926404,2,2,2,2,2,0,0,2,2,1,0,2,0,0,2,0,0,0,0,2,2,0,1,0,2,2,2,0,2,0,0,0,2,0,1,0,0,1,1,2,2,2,2,2,2,0,2,2,2,2,2,1,1,2,2,2,1,2,2,1,1,1,1,0,1,0,2,2,2,0,0,0,0,2,0,1,2,0,2,2,2,0,0,2,1,2,1,2,0,1,1,2,0,2,1,0,0,2,2,0
19.3541465696645,1,2,2,2,2,0,0,2,2,0,1,1,0,0,2,1,0,0,0,2,2,0,1,0,2,2,1,0,2,0,0,0,2,0,0,0,0,1,2,2,2,2,2,2,2,0,2,2,2,2,2,2,0,2,1,1,2,2,1,2,0,2,2,2,0,1,2,2,2,0,0,0,0,2,0,1,2,0,2,2,2,0,0,2,2,0,0,1,0,1,1,1,2,2,1,0,1,1,1,1
24.2678521718977,1,2,2,2,2,0,0,2,2,0,0,2,0,0,2,0,0,1,0,2,2,2,2,0,2,2,2,0,2,0,0,0,2,0,0,0,0,1,1,2,2,2,2,2,1,0,2,1,1,2,2,1,2,2,2,2,0,2,2,0,0,0,2,2,0,1,2,2,2,0,0,0,0,2,0,1,2,0,2,2,2,0,0,2,2,0,0,1,0,1,1,1,2,2,1,0,1,1,1,1
21.3825144773087,0,2,1,2,2,0,0,2,2,0,1,1,1,1,2,0,0,0,1,2,1,0,1,0,2,2,2,0,2,0,0,0,2,0,0,0,0,0,2,2,1,2,2,2,1,0,2,2,2,2,2,0,2,2,2,2,1,2,2,0,0,0,2,2,0,0,2,2,2,0,0,0,0,2,0,0,2,0,2,2,2,0,0,2,2,0,0,2,0,2,0,2,2,2,0,0,2,0,0,2
27.4065655728264,2,2,2,2,2,0,0,2,2,0,0,2,0,1,2,0,0,0,1,2,2,0,1,0,2,2,2,0,2,0,0,0,2,0,0,0,0,0,2,2,2,2,2,2,2,0,2,2,2,2,2,1,1,2,1,2,1,2,1,1,0,1,2,1,1,1,1,1,1,0,1,1,0,1,0,1,2,0,2,1,2,0,1,2,2,0,1,1,0,1,1,1,2,2,1,0,1,1,1,1
25.2283514018572,0,2,2,2,2,0,0,2,2,1,0,2,0,0,2,0,0,0,0,2,1,0,2,0,2,2,2,0,2,0,0,0,2,1,1,0,0,2,2,2,2,2,2,1,2,0,2,2,1,1,2,2,0,2,1,2,2,2,1,2,0,2,1,1,1,0,1,1,1,1,1,1,0,1,0,1,2,0,2,2,2,1,0,2,2,0,1,1,0,1,1,2,2,1,1,0,1,1,1,1
35.6657729709517,2,1,2,2,2,0,0,2,2,0,0,2,0,0,2,0,0,0,0,2,2,1,2,0,2,2,2,0,2,0,0,0,2,0,1,0,0,0,1,2,2,2,2,2,2,0,2,2,2,2,2,1,1,2,1,2,1,2,1,1,0,1,2,1,1,1,1,1,1,1,1,1,0,1,0,1,2,0,2,1,2,1,0,2,2,0,1,1,0,1,1,1,2,1,1,0,1,1,1,1
30.1218506841201,2,1,1,2,2,0,0,2,2,0,0,2,0,0,2,0,0,1,0,2,1,0,1,0,2,2,2,0,2,0,0,0,2,0,0,1,0,0,2,2,2,2,1,1,2,0,2,2,2,1,2,0,2,2,2,2,0,2,2,0,0,0,2,2,0,1,2,2,2,0,0,0,0,2,0,1,2,0,2,2,2,0,1,2,2,0,1,0,0,0,2,1,2,1,2,0,0,2,2,0
